{"a": {"bottom": 50.5, "top": 16, "left": 179, "right": 211, "width": 32, "height": 34.5}, "sa": {"bottom": 48.75, "top": 17.75, "left": 16, "right": 82.6796875, "width": 66.6796875, "height": 31}, "c": {"bottom": 47.25, "top": 17.25, "left": 344, "right": 374, "width": 30, "height": 30}, "d": {"bottom": 43.25, "top": 21.25, "left": 348, "right": 370, "width": 22, "height": 22}, "sd": {"bottom": 106.5, "top": 85, "left": 40, "right": 98.7421875, "width": 58.7421875, "height": 21.5}, "e": {"bottom": 106.5, "top": 85, "left": 111.7734375, "right": 191.3515625, "width": 79.578125, "height": 21.5}, "f": {"bottom": 164.5, "top": 134.5, "left": 16, "right": 91.359375, "width": 75.359375, "height": 30}, "sf": {"bottom": 164.5, "top": 134.5, "left": 99.359375, "right": 182.46875, "width": 83.109375, "height": 30}, "g": {"bottom": 164.5, "top": 134.5, "left": 190.46875, "right": 318.234375, "width": 127.765625, "height": 30}, "h": {"bottom": 165.5, "top": 133.5, "left": 342, "right": 374, "width": 32, "height": 32}, "j": {"bottom": 157.5, "top": 141.5, "left": 350, "right": 366, "width": 16, "height": 16}, "sj": {"bottom": 285.5, "top": 253.5, "left": 16, "right": 374, "width": 358, "height": 32}, "k": {"bottom": 229.5, "top": 197.5, "left": 16, "right": 113.015625, "width": 97.015625, "height": 32}, "sk": {"bottom": 229.5, "top": 197.5, "left": 112.015625, "right": 237.4140625, "width": 125.3984375, "height": 32}, "l": {"bottom": 229.5, "top": 197.5, "left": 272.53125, "right": 374, "width": 101.46875, "height": 32}, "m": {"bottom": 229.5, "top": 197.5, "left": 272.53125, "right": 374, "width": 101.46875, "height": 32}, "p": {"bottom": 330.5, "top": 309.5, "left": 16, "right": 88.3359375, "width": 72.3359375, "height": 21}, "ss": {"bottom": 330.5, "top": 309.5, "left": 102.125, "right": 183.2265625, "width": 81.1015625, "height": 21}, "w": {"bottom": 647.5, "top": 628.5, "left": 209.953125, "right": 319.0703125, "width": 109.1171875, "height": 19}}