{"10": {"top": 654, "left": 0, "right": 10, "bottom": 664, "width": 10, "height": 10}, "11": {"top": 654, "left": 380, "right": 390, "bottom": 664, "width": 10, "height": 10}, "a": {"bottom": 48, "top": 16, "left": 16, "right": 48, "width": 32, "height": 32}, "sa": {"bottom": 40, "top": 24, "left": 24, "right": 40, "width": 16, "height": 16}, "c": {"bottom": 48, "top": 16, "left": 64, "right": 96, "width": 32, "height": 32}, "sc": {"bottom": 56, "top": 8, "left": 104, "right": 250, "width": 146, "height": 48}, "d": {"bottom": 48, "top": 16, "left": 262, "right": 294, "width": 32, "height": 32}, "sd": {"bottom": 48, "top": 16, "left": 302, "right": 334, "width": 32, "height": 32}, "e": {"bottom": 48, "top": 16, "left": 342, "right": 374, "width": 32, "height": 32}, "se": {"bottom": 48, "top": 16, "left": 342, "right": 374, "width": 32, "height": 32}, "f": {"bottom": 95, "top": 65, "left": 16, "right": 118.984375, "width": 102.984375, "height": 30}, "sf": {"bottom": 95, "top": 65, "left": 126.984375, "right": 284.6484375, "width": 157.6640625, "height": 30}, "g": {"bottom": 88, "top": 72, "left": 342, "right": 374, "width": 32, "height": 16}, "sg": {"bottom": 88, "top": 72, "left": 342, "right": 374, "width": 32, "height": 16}, "h": {"bottom": 203.6640625, "top": 144, "left": 16, "right": 75.6640625, "width": 59.6640625, "height": 59.6640625}, "j": {"bottom": 252.6640625, "top": 232.6640625, "left": 25, "right": 107.6640625, "width": 82.6640625, "height": 20}, "sj": {"bottom": 252.6640625, "top": 232.6640625, "left": 25, "right": 107.6640625, "width": 82.6640625, "height": 20}, "k": {"bottom": 297.6640625, "top": 265.6640625, "left": 16, "right": 374, "width": 358, "height": 32}, "sk": {"bottom": 340.1640625, "top": 323.6640625, "left": 16, "right": 110.3671875, "width": 94.3671875, "height": 16.5}, "l": {"bottom": 340.1640625, "top": 323.6640625, "left": 118.1640625, "right": 126.8125, "width": 8.6484375, "height": 16.5}, "sl": {"bottom": 413.1640625, "top": 394.1640625, "left": 16, "right": 122.8125, "width": 106.8125, "height": 19}, "m": {"bottom": 493.1640625, "top": 423.6640625, "left": 16, "right": 80, "width": 64, "height": 69.5}, "sm": {"bottom": 519.1640625, "top": 505.1640625, "left": 63.5390625, "right": 148.171875, "width": 84.6328125, "height": 14}, "p": {"bottom": 581.8046875, "top": 564.6640625, "left": 259, "right": 374, "width": 115, "height": 17.140625}, "sp": {"bottom": 701.1640625, "top": 594.1640625, "left": 8, "right": 382, "width": 374, "height": 107}, "ss": {"bottom": 629.6640625, "top": 613.1640625, "left": 56.7890625, "right": 124.265625, "width": 67.4765625, "height": 16.5}, "w": {"bottom": 629.6640625, "top": 613.1640625, "left": 341, "right": 357, "width": 16, "height": 16.5}, "sw": {"bottom": 621.6640625, "top": 601.671875, "left": 341, "right": 357, "width": 16, "height": 19.9921875}, "00": {"top": 0, "left": 0, "right": 10, "bottom": 10, "width": 10, "height": 10}, "01": {"top": 0, "left": 380, "right": 390, "bottom": 10, "width": 10, "height": 10}}